sku,gender
SKUF0000001,F
SKUF0000002,F
SKUF0000003,F
SKUF0000004,F
SKUF0000005,F
SKUF0000006,F
SKUF0000007,F
SKUF0000008,F
SKUF0000009,F
SKUF0000010,F
SKUF0000011,F
SKUF0000012,F
SKUF0000013,F
SKUF0000014,F
SKUF0000015,F
SKUF0000016,F
SKUF0000017,F
SKUF0000018,F
SKUF0000019,F
SKUF0000020,F
SKUF0000021,F
SKUF0000022,F
SKUF0000023,F
SKUF0000024,F
SKUF0000025,F
SKUF0000026,F
SKUF0000027,F
SKUF0000028,F
SKUF0000029,F
SKUF0000030,F
SKUF0000031,F
SKUF0000032,F
SKUF0000033,F
SKUF0000034,F
SKUF0000035,F
SKUF0000036,F
SKUF0000037,F
SKUF0000038,F
SKUF0000039,F
SKUF0000040,F
SKUF0000041,F
SKUF0000042,F
SKUF0000043,F
SKUF0000044,F
SKUF0000045,F
SKUF0000046,F
SKUF0000047,F
SKUF0000048,F
SKUF0000049,F
SKUF0000050,F
SKUF0000051,F
SKUF0000052,F
SKUF0000053,F
SKUF0000054,F
SKUF0000055,F
SKUF0000056,F
SKUF0000057,F
SKUF0000058,F
SKUF0000059,F
SKUF0000060,F
SKUF0000061,F
SKUF0000062,F
SKUF0000063,F
SKUF0000064,F
SKUF0000065,F
SKUF0000066,F
SKUF0000067,F
SKUF0000068,F
SKUF0000069,F
SKUF0000070,F
SKUF0000071,F
SKUF0000072,F
SKUF0000073,F
SKUF0000074,F
SKUF0000075,F
SKUF0000076,F
SKUF0000077,F
SKUF0000078,F
SKUF0000079,F
SKUF0000080,F
SKUF0000081,F
SKUF0000082,F
SKUF0000083,F
SKUF0000084,F
SKUF0000085,F
SKUF0000086,F
SKUF0000087,F
SKUF0000088,F
SKUF0000089,F
SKUF0000090,F
SKUF0000091,F
SKUF0000092,F
SKUF0000093,F
SKUF0000094,F
SKUF0000095,F
SKUF0000096,F
SKUF0000097,F
SKUF0000098,F
SKUF0000099,F
SKUF0000100,F
SKUF0000101,F
SKUF0000102,F
SKUF0000103,F
SKUF0000104,F
SKUF0000105,F
SKUF0000106,F
SKUF0000107,F
SKUF0000108,F
SKUF0000109,F
SKUF0000110,F
SKUF0000111,F
SKUF0000112,F
SKUF0000113,F
SKUF0000114,F
SKUF0000115,F
SKUF0000116,F
SKUF0000117,F
SKUF0000118,F
SKUF0000119,F
SKUF0000120,F
SKUF0000121,F
SKUF0000122,F
SKUF0000123,F
SKUF0000124,F
SKUF0000125,F
SKUF0000126,F
SKUF0000127,F
SKUF0000128,F
SKUF0000129,F
SKUF0000130,F
SKUF0000131,F
SKUF0000132,F
SKUF0000133,F
SKUF0000134,F
SKUF0000135,F
SKUF0000136,F
SKUF0000137,F
SKUF0000138,F
SKUF0000139,F
SKUF0000140,F
SKUF0000141,F
SKUF0000142,F
SKUF0000143,F
SKUF0000144,F
SKUF0000145,F
SKUF0000146,F
SKUF0000147,F
SKUF0000148,F
SKUF0000149,F
SKUF0000150,F
SKUF0000151,F
SKUF0000152,F
SKUF0000153,F
SKUF0000154,F
SKUF0000155,F
SKUF0000156,F
SKUF0000157,F
SKUF0000158,F
SKUF0000159,F
SKUF0000160,F
SKUF0000161,F
SKUF0000162,F
SKUF0000163,F
SKUF0000164,F
SKUF0000165,F
SKUF0000166,F
SKUF0000167,F
SKUF0000168,F
SKUF0000169,F
SKUF0000170,F
SKUF0000171,F
SKUF0000172,F
SKUF0000173,F
SKUF0000174,F
SKUF0000175,F
SKUF0000176,F
SKUF0000177,F
SKUF0000178,F
SKUF0000179,F
SKUF0000180,F
SKUF0000181,F
SKUF0000182,F
SKUF0000183,F
SKUF0000184,F
SKUF0000185,F
SKUF0000186,F
SKUF0000187,F
SKUF0000188,F
SKUF0000189,F
SKUF0000190,F
SKUF0000191,F
SKUF0000192,F
SKUF0000193,F
SKUF0000194,F
SKUF0000195,F
SKUF0000196,F
SKUF0000197,F
SKUF0000198,F
SKUF0000199,F
SKUF0000200,F
SKUF0000201,F
SKUF0000202,F
SKUF0000203,F
SKUF0000204,F
SKUF0000205,F
SKUF0000206,F
SKUF0000207,F
SKUF0000208,F
SKUF0000209,F
SKUF0000210,F
SKUF0000211,F
SKUF0000212,F
SKUF0000213,F
SKUF0000214,F
SKUF0000215,F
SKUF0000216,F
SKUF0000217,F
SKUF0000218,F
SKUF0000219,F
SKUF0000220,F
SKUF0000221,F
SKUF0000222,F
SKUF0000223,F
SKUF0000224,F
SKUF0000225,F
SKUF0000226,F
SKUF0000227,F
SKUF0000228,F
SKUF0000229,F
SKUF0000230,F
SKUF0000231,F
SKUF0000232,F
SKUF0000233,F
SKUF0000234,F
SKUF0000235,F
SKUF0000236,F
SKUF0000237,F
SKUF0000238,F
SKUF0000239,F
SKUF0000240,F
SKUF0000241,F
SKUF0000242,F
SKUF0000243,F
SKUF0000244,F
SKUF0000245,F
SKUF0000246,F
SKUF0000247,F
SKUF0000248,F
SKUF0000249,F
SKUF0000250,F
SKUF0000251,F
SKUF0000252,F
SKUF0000253,F
SKUF0000254,F
SKUF0000255,F
SKUF0000256,F
SKUF0000257,F
SKUF0000258,F
SKUF0000259,F
SKUF0000260,F
SKUF0000261,F
SKUF0000262,F
SKUF0000263,F
SKUF0000264,F
SKUF0000265,F
SKUF0000266,F
SKUF0000267,F
SKUF0000268,F
SKUF0000269,F
SKUF0000270,F
SKUF0000271,F
SKUF0000272,F
SKUF0000273,F
SKUF0000274,F
SKUF0000275,F
SKUF0000276,F
SKUF0000277,F
SKUF0000278,F
SKUF0000279,F
SKUF0000280,F
SKUF0000281,F
SKUF0000282,F
SKUF0000283,F
SKUF0000284,F
SKUF0000285,F
SKUF0000286,F
SKUF0000287,F
SKUF0000288,F
SKUF0000289,F
SKUF0000290,F
SKUF0000291,F
SKUF0000292,F
SKUF0000293,F
SKUF0000294,F
SKUF0000295,F
SKUF0000296,F
SKUF0000297,F
SKUF0000298,F
SKUF0000299,F
SKUF0000300,F
SKUF0000301,F
SKUF0000302,F
SKUF0000303,F
SKUF0000304,F
SKUF0000305,F
SKUF0000306,F
SKUF0000307,F
SKUF0000308,F
SKUF0000309,F
SKUF0000310,F
SKUF0000311,F
SKUF0000312,F
SKUF0000313,F
SKUF0000314,F
SKUF0000315,F
SKUF0000316,F
SKUF0000317,F
SKUF0000318,F
SKUF0000319,F
SKUF0000320,F
SKUF0000321,F
SKUF0000322,F
SKUF0000323,F
SKUF0000324,F
SKUF0000325,F
SKUF0000326,F
SKUF0000327,F
SKUF0000328,F
SKUF0000329,F
SKUF0000330,F
SKUF0000331,F
SKUF0000332,F
SKUF0000333,F
SKUF0000334,F
SKUF0000335,F
SKUF0000336,F
SKUF0000337,F
SKUF0000338,F
SKUF0000339,F
SKUF0000340,F
SKUF0000341,F
SKUF0000342,F
SKUF0000343,F
SKUF0000344,F
SKUF0000345,F
SKUF0000346,F
SKUF0000347,F
SKUF0000348,F
SKUF0000349,F
SKUF0000350,F
SKUF0000351,F
SKUF0000352,F
SKUF0000353,F
SKUF0000354,F
SKUF0000355,F
SKUF0000356,F
SKUF0000357,F
SKUF0000358,F
SKUF0000359,F
SKUF0000360,F
SKUF0000361,F
SKUF0000362,F
SKUF0000363,F
SKUF0000364,F
SKUF0000365,F
SKUF0000366,F
SKUF0000367,F
SKUF0000368,F
SKUF0000369,F
SKUF0000370,F
SKUF0000371,F
SKUF0000372,F
SKUF0000373,F
SKUF0000374,F
SKUF0000375,F
SKUF0000376,F
SKUF0000377,F
SKUF0000378,F
SKUF0000379,F
SKUF0000380,F
SKUF0000381,F
SKUF0000382,F
SKUF0000383,F
SKUF0000384,F
SKUF0000385,F
SKUF0000386,F
SKUF0000387,F
SKUF0000388,F
SKUF0000389,F
SKUF0000390,F
SKUF0000391,F
SKUF0000392,F
SKUF0000393,F
SKUF0000394,F
SKUF0000395,F
SKUF0000396,F
SKUF0000397,F
SKUF0000398,F
SKUF0000399,F
SKUF0000400,F
SKUF0000401,F
SKUF0000402,F
SKUF0000403,F
SKUF0000404,F
SKUF0000405,F
SKUF0000406,F
SKUF0000407,F
SKUF0000408,F
SKUF0000409,F
SKUF0000410,F
SKUF0000411,F
SKUF0000412,F
SKUF0000413,F
SKUF0000414,F
SKUF0000415,F
SKUF0000416,F
SKUF0000417,F
SKUF0000418,F
SKUF0000419,F
SKUF0000420,F
SKUF0000421,F
SKUF0000422,F
SKUF0000423,F
SKUF0000424,F
SKUF0000425,F
SKUF0000426,F
SKUF0000427,F
SKUF0000428,F
SKUF0000429,F
SKUF0000430,F
SKUF0000431,F
SKUF0000432,F
SKUF0000433,F
SKUF0000434,F
SKUF0000435,F
SKUF0000436,F
SKUF0000437,F
SKUF0000438,F
SKUF0000439,F
SKUF0000440,F
SKUF0000441,F
SKUF0000442,F
SKUF0000443,F
SKUF0000444,F
SKUF0000445,F
SKUF0000446,F
SKUF0000447,F
SKUF0000448,F
SKUF0000449,F
SKUF0000450,F
SKUF0000451,F
SKUF0000452,F
SKUF0000453,F
SKUF0000454,F
SKUF0000455,F
SKUF0000456,F
SKUF0000457,F
SKUF0000458,F
SKUF0000459,F
SKUF0000460,F
SKUF0000461,F
SKUF0000462,F
SKUF0000463,F
SKUF0000464,F
SKUF0000465,F
SKUF0000466,F
SKUF0000467,F
SKUF0000468,F
SKUF0000469,F
SKUF0000470,F
SKUF0000471,F
SKUF0000472,F
SKUF0000473,F
SKUF0000474,F
SKUF0000475,F
SKUF0000476,F
SKUF0000477,F
SKUF0000478,F
SKUF0000479,F
SKUF0000480,F
SKUF0000481,F
SKUF0000482,F
SKUF0000483,F
SKUM0000001,M
SKUM0000002,M
SKUM0000003,M
SKUM0000004,M
SKUM0000005,M
SKUM0000006,M
SKUM0000007,M
SKUM0000008,M
SKUM0000009,M
SKUM0000010,M
SKUM0000011,M
SKUM0000012,M
SKUM0000013,M
SKUM0000014,M
SKUM0000015,M
SKUM0000016,M
SKUM0000017,M
SKUM0000018,M
SKUM0000019,M
SKUM0000020,M
SKUM0000021,M
SKUM0000022,M
SKUM0000023,M
SKUM0000024,M
SKUM0000025,M
SKUM0000026,M
SKUM0000027,M
SKUM0000028,M
SKUM0000029,M
SKUM0000030,M
SKUM0000031,M
SKUM0000032,M
SKUM0000033,M
SKUM0000034,M
SKUM0000035,M
SKUM0000036,M
SKUM0000037,M
SKUM0000038,M
SKUM0000039,M
SKUM0000040,M
SKUM0000041,M
SKUM0000042,M
SKUM0000043,M
SKUM0000044,M
SKUM0000045,M
SKUM0000046,M
SKUM0000047,M
SKUM0000048,M
SKUM0000049,M
SKUM0000050,M
SKUM0000051,M
SKUM0000052,M
SKUM0000053,M
SKUM0000054,M
SKUM0000055,M
SKUM0000056,M
SKUM0000057,M
SKUM0000058,M
SKUM0000059,M
SKUM0000060,M
SKUM0000061,M
SKUM0000062,M
SKUM0000063,M
SKUM0000064,M
SKUM0000065,M
SKUM0000066,M
SKUM0000067,M
SKUM0000068,M
SKUM0000069,M
SKUM0000070,M
SKUM0000071,M
SKUM0000072,M
SKUM0000073,M
SKUM0000074,M
SKUM0000075,M
SKUM0000076,M
SKUM0000077,M
SKUM0000078,M
SKUM0000079,M
SKUM0000080,M
SKUM0000081,M
SKUM0000082,M
SKUM0000083,M
SKUM0000084,M
SKUM0000085,M
SKUM0000086,M
SKUM0000087,M
SKUM0000088,M
SKUM0000089,M
SKUM0000090,M
SKUM0000091,M
SKUM0000092,M
SKUM0000093,M
SKUM0000094,M
SKUM0000095,M
SKUM0000096,M
SKUM0000097,M
SKUM0000098,M
SKUM0000099,M
SKUM0000100,M
SKUM0000101,M
SKUM0000102,M
SKUM0000103,M
SKUM0000104,M
SKUM0000105,M
SKUM0000106,M
SKUM0000107,M
SKUM0000108,M
SKUM0000109,M
SKUM0000110,M
SKUM0000111,M
SKUM0000112,M
SKUM0000113,M
SKUM0000114,M
SKUM0000115,M
SKUM0000116,M
SKUM0000117,M
SKUM0000118,M
SKUM0000119,M
SKUM0000120,M
SKUM0000121,M
SKUM0000122,M
SKUM0000123,M
SKUM0000124,M
SKUM0000125,M
SKUM0000126,M
SKUM0000127,M
SKUM0000128,M
SKUM0000129,M
SKUM0000130,M
SKUM0000131,M
SKUM0000132,M
SKUM0000133,M
SKUM0000134,M
SKUM0000135,M
SKUM0000136,M
SKUM0000137,M
SKUM0000138,M
SKUM0000139,M
SKUM0000140,M
SKUM0000141,M
SKUM0000142,M
SKUM0000143,M
SKUM0000144,M
SKUM0000145,M
SKUM0000146,M
SKUM0000147,M
SKUM0000148,M
SKUM0000149,M
SKUM0000150,M
SKUM0000151,M
SKUM0000152,M
SKUM0000153,M
SKUM0000154,M
SKUM0000155,M
SKUM0000156,M
SKUM0000157,M
SKUM0000158,M
SKUM0000159,M
SKUM0000160,M
SKUM0000161,M
SKUM0000162,M
SKUM0000163,M
SKUM0000164,M
SKUM0000165,M
SKUM0000166,M
SKUM0000167,M
SKUM0000168,M
SKUM0000169,M
SKUM0000170,M
SKUM0000171,M
SKUM0000172,M
SKUM0000173,M
SKUM0000174,M
SKUM0000175,M
SKUM0000176,M
SKUM0000177,M
SKUM0000178,M
SKUM0000179,M
SKUM0000180,M
SKUM0000181,M
SKUM0000182,M
SKUM0000183,M
SKUM0000184,M
SKUM0000185,M
SKUM0000186,M
SKUM0000187,M
SKUM0000188,M
SKUM0000189,M
SKUM0000190,M
SKUM0000191,M
SKUM0000192,M
SKUM0000193,M
SKUM0000194,M
SKUM0000195,M
SKUM0000196,M
SKUM0000197,M
SKUM0000198,M
SKUM0000199,M
SKUM0000200,M
SKUM0000201,M
SKUM0000202,M
SKUM0000203,M
SKUM0000204,M
SKUM0000205,M
SKUM0000206,M
SKUM0000207,M
SKUM0000208,M
SKUM0000209,M
SKUM0000210,M
SKUM0000211,M
SKUM0000212,M
SKUM0000213,M
SKUM0000214,M
SKUM0000215,M
SKUM0000216,M
SKUM0000217,M
SKUM0000218,M
SKUM0000219,M
SKUM0000220,M
SKUM0000221,M
SKUM0000222,M
SKUM0000223,M
SKUM0000224,M
SKUM0000225,M
SKUM0000226,M
SKUM0000227,M
SKUM0000228,M
SKUM0000229,M
SKUM0000230,M
SKUM0000231,M
SKUM0000232,M
SKUM0000233,M
SKUM0000234,M
SKUM0000235,M
SKUM0000236,M
SKUM0000237,M
SKUM0000238,M
SKUM0000239,M
SKUM0000240,M
SKUM0000241,M
SKUM0000242,M
SKUM0000243,M
SKUM0000244,M
SKUM0000245,M
SKUM0000246,M
SKUM0000247,M
SKUM0000248,M
SKUM0000249,M
SKUM0000250,M
SKUM0000251,M
SKUM0000252,M
SKUM0000253,M
SKUM0000254,M
SKUM0000255,M
SKUM0000256,M
SKUM0000257,M
SKUM0000258,M
SKUM0000259,M
SKUM0000260,M
SKUM0000261,M
SKUM0000262,M
SKUM0000263,M
SKUM0000264,M
SKUM0000265,M
SKUM0000266,M
SKUM0000267,M
SKUM0000268,M
SKUM0000269,M
SKUM0000270,M
SKUM0000271,M
SKUM0000272,M
SKUM0000273,M
SKUM0000274,M
SKUM0000275,M
SKUM0000276,M
SKUM0000277,M
SKUM0000278,M
SKUM0000279,M
SKUM0000280,M
SKUM0000281,M
SKUM0000282,M
SKUM0000283,M
SKUM0000284,M
SKUM0000285,M
SKUM0000286,M
SKUM0000287,M
SKUM0000288,M
SKUM0000289,M
SKUM0000290,M
SKUM0000291,M
SKUM0000292,M
SKUM0000293,M
SKUM0000294,M
SKUM0000295,M
SKUM0000296,M
SKUM0000297,M
SKUM0000298,M
SKUM0000299,M
SKUM0000300,M
SKUM0000301,M
SKUM0000302,M
SKUM0000303,M
SKUM0000304,M
SKUM0000305,M
SKUM0000306,M
SKUM0000307,M
SKUM0000308,M
SKUM0000309,M
SKUM0000310,M
SKUM0000311,M
SKUM0000312,M
SKUM0000313,M
SKUM0000314,M
SKUM0000315,M
SKUM0000316,M
SKUM0000317,M
SKUM0000318,M
SKUM0000319,M
SKUM0000320,M
SKUM0000321,M
SKUM0000322,M
SKUM0000323,M
SKUM0000324,M
SKUM0000325,M
SKUM0000326,M
SKUM0000327,M
SKUM0000328,M
SKUM0000329,M
SKUM0000330,M
SKUM0000331,M
SKUM0000332,M
SKUM0000333,M
SKUM0000334,M
SKUM0000335,M
SKUM0000336,M
SKUM0000337,M
SKUM0000338,M
SKUM0000339,M
SKUM0000340,M
SKUM0000341,M
SKUM0000342,M
SKUM0000343,M
SKUM0000344,M
SKUM0000345,M
SKUM0000346,M
SKUM0000347,M
SKUM0000348,M
SKUM0000349,M
SKUM0000350,M
SKUM0000351,M
SKUM0000352,M
SKUM0000353,M
SKUM0000354,M
SKUM0000355,M
SKUM0000356,M
SKUM0000357,M
SKUM0000358,M
SKUM0000359,M
SKUM0000360,M
SKUM0000361,M
SKUM0000362,M
SKUM0000363,M
SKUM0000364,M
SKUM0000365,M
SKUM0000366,M
SKUM0000367,M
SKUM0000368,M
SKUM0000369,M
SKUM0000370,M
SKUM0000371,M
SKUM0000372,M
SKUM0000373,M
SKUM0000374,M
SKUM0000375,M
SKUM0000376,M
SKUM0000377,M
SKUM0000378,M
SKUM0000379,M
SKUM0000380,M
SKUM0000381,M
SKUM0000382,M
SKUM0000383,M
SKUM0000384,M
SKUM0000385,M
SKUM0000386,M
SKUM0000387,M
SKUM0000388,M
SKUM0000389,M
SKUM0000390,M
SKUM0000391,M
SKUM0000392,M
SKUM0000393,M
SKUM0000394,M
SKUM0000395,M
SKUM0000396,M
SKUM0000397,M
SKUM0000398,M
SKUM0000399,M
SKUM0000400,M
SKUM0000401,M
SKUM0000402,M
SKUM0000403,M
SKUM0000404,M
SKUM0000405,M
SKUM0000406,M
SKUM0000407,M
SKUM0000408,M
SKUM0000409,M
SKUM0000410,M
SKUM0000411,M
SKUM0000412,M
SKUM0000413,M
SKUM0000414,M
SKUM0000415,M
SKUM0000416,M
SKUM0000417,M
SKUM0000418,M
SKUM0000419,M
SKUM0000420,M
SKUM0000421,M
SKUM0000422,M
SKUM0000423,M
SKUM0000424,M
SKUM0000425,M
SKUM0000426,M
SKUM0000427,M
SKUM0000428,M
SKUM0000429,M
SKUM0000430,M
SKUM0000431,M
SKUM0000432,M
SKUM0000433,M
SKUM0000434,M
SKUM0000435,M
SKUM0000436,M
SKUM0000437,M
SKUM0000438,M
SKUM0000439,M
SKUM0000440,M
SKUM0000441,M
SKUM0000442,M
SKUM0000443,M
SKUM0000444,M
SKUM0000445,M
SKUM0000446,M
SKUM0000447,M
SKUM0000448,M
SKUM0000449,M
SKUM0000450,M
SKUM0000451,M
SKUM0000452,M
SKUM0000453,M
SKUM0000454,M
SKUM0000455,M
SKUM0000456,M
SKUM0000457,M
SKUM0000458,M
SKUM0000459,M
SKUM0000460,M
SKUM0000461,M
SKUM0000462,M
SKUM0000463,M
SKUM0000464,M
SKUM0000465,M
SKUM0000466,M
SKUM0000467,M
SKUM0000468,M
SKUM0000469,M
SKUM0000470,M
SKUM0000471,M
SKUM0000472,M
SKUM0000473,M
SKUM0000474,M
SKUM0000475,M
SKUM0000476,M
SKUM0000477,M
SKUM0000478,M
SKUM0000479,M
SKUM0000480,M
SKUM0000481,M
SKUM0000482,M
SKUM0000483,M
SKUM0000484,M
SKUM0000485,M
SKUM0000486,M
SKUM0000487,M
SKUM0000488,M
SKUM0000489,M
SKUM0000490,M
SKUM0000491,M
SKUM0000492,M
SKUM0000493,M
SKUM0000494,M
SKUM0000495,M
SKUM0000496,M
SKUM0000497,M
SKUM0000498,M
SKUM0000499,M
SKUM0000500,M
SKUM0000501,M
SKUM0000502,M
SKUM0000503,M
SKUM0000504,M
SKUM0000505,M
SKUM0000506,M
SKUM0000507,M
SKUM0000508,M
SKUM0000509,M
SKUM0000510,M
SKUM0000511,M
SKUM0000512,M
SKUM0000513,M
SKUM0000514,M
SKUM0000515,M
SKUM0000516,M
SKUM0000517,M
SKUM0000518,M
SKUM0000519,M
SKUM0000520,M
SKUM0000521,M
SKUM0000522,M
SKUM0000523,M
SKUM0000524,M
SKUM0000525,M
SKUM0000526,M
SKUM0000527,M
SKUM0000528,M
SKUM0000529,M
SKUM0000530,M
SKUM0000531,M
SKUM0000532,M
SKUM0000533,M
SKUM0000534,M
SKUM0000535,M
SKUM0000536,M
SKUM0000537,M
SKUM0000538,M
SKUM0000539,M
SKUM0000540,M
SKUM0000541,M
SKUM0000542,M
SKUM0000543,M
SKUM0000544,M
SKUM0000545,M
SKUM0000546,M
SKUM0000547,M
SKUM0000548,M
SKUM0000549,M
SKUM0000550,M
SKUM0000551,M
SKUM0000552,M
SKUM0000553,M
SKUM0000554,M
SKUM0000555,M
SKUM0000556,M
SKUM0000557,M
SKUM0000558,M
SKUM0000559,M
SKUM0000560,M
SKUM0000561,M
SKUM0000562,M
SKUM0000563,M
SKUM0000564,M
SKUM0000565,M
SKUM0000566,M
SKUM0000567,M
SKUM0000568,M
SKUM0000569,M
SKUM0000570,M
SKUM0000571,M
SKUM0000572,M
SKUM0000573,M
SKUM0000574,M
SKUM0000575,M
SKUM0000576,M
SKUM0000577,M
SKUM0000578,M
SKUM0000579,M
SKUM0000580,M
SKUM0000581,M
SKUM0000582,M
SKUM0000583,M
SKUM0000584,M
SKUM0000585,M
SKUM0000586,M
SKUM0000587,M
SKUM0000588,M
SKUM0000589,M
SKUM0000590,M
SKUM0000591,M
SKUM0000592,M
SKUM0000593,M
SKUM0000594,M
SKUM0000595,M
SKUM0000596,M
SKUM0000597,M
SKUM0000598,M
SKUM0000599,M
SKUM0000600,M
SKUM0000601,M
SKUM0000602,M
SKUM0000603,M
SKUM0000604,M
SKUM0000605,M
SKUM0000606,M
SKUM0000607,M
SKUM0000608,M
SKUM0000609,M
SKUM0000610,M
SKUM0000611,M
SKUM0000612,M
SKUM0000613,M
SKUM0000614,M
SKUM0000615,M
SKUM0000616,M
SKUM0000617,M
SKUM0000618,M
SKUM0000619,M
SKUM0000620,M
SKUM0000621,M
SKUM0000622,M
SKUM0000623,M
SKUM0000624,M
SKUM0000625,M
SKUM0000626,M
SKUM0000627,M
SKUM0000628,M
SKUM0000629,M
SKUM0000630,M
SKUM0000631,M
SKUM0000632,M
SKUM0000633,M
SKUM0000634,M
SKUM0000635,M
SKUM0000636,M
SKUM0000637,M
SKUM0000638,M
SKUM0000639,M
SKUM0000640,M
SKUM0000641,M
SKUM0000642,M
SKUM0000643,M
SKUM0000644,M
SKUM0000645,M
SKUM0000646,M
SKUM0000647,M
SKUM0000648,M
SKUM0000649,M
SKUM0000650,M
SKUM0000651,M
SKUM0000652,M
SKUM0000653,M
SKUM0000654,M
SKUM0000655,M
SKUM0000656,M
SKUM0000657,M
SKUM0000658,M
SKUM0000659,M
SKUM0000660,M
SKUM0000661,M
SKUM0000662,M
SKUM0000663,M
SKUM0000664,M
SKUM0000665,M
SKUM0000666,M
SKUM0000667,M
SKUM0000668,M
SKUM0000669,M
SKUM0000670,M
SKUM0000671,M
SKUM0000672,M
SKUM0000673,M
SKUM0000674,M
SKUM0000675,M
SKUM0000676,M
SKUM0000677,M
SKUM0000678,M
SKUM0000679,M
SKUM0000680,M
SKUM0000681,M
SKUM0000682,M
SKUM0000683,M
SKUM0000684,M
SKUM0000685,M
SKUM0000686,M
SKUM0000687,M
SKUM0000688,M
SKUM0000689,M
SKUM0000690,M
SKUM0000691,M
SKUM0000692,M
SKUM0000693,M
SKUM0000694,M
SKUM0000695,M
SKUM0000696,M
SKUM0000697,M
SKUM0000698,M
SKUM0000699,M
SKUM0000700,M
SKUM0000701,M
SKUM0000702,M
SKUM0000703,M
SKUM0000704,M
SKUM0000705,M
SKUM0000706,M
SKUM0000707,M
SKUM0000708,M
SKUM0000709,M
SKUM0000710,M
SKUM0000711,M
SKUM0000712,M
SKUM0000713,M
SKUM0000714,M
SKUM0000715,M
SKUM0000716,M
SKUM0000717,M
SKUM0000718,M
SKUM0000719,M
SKUM0000720,M
SKUM0000721,M
SKUM0000722,M
SKUM0000723,M
SKUM0000724,M
SKUM0000725,M
SKUM0000726,M
SKUM0000727,M
SKUM0000728,M
SKUM0000729,M
SKUM0000730,M
SKUM0000731,M
SKUM0000732,M
SKUM0000733,M
SKUM0000734,M
SKUM0000735,M
SKUM0000736,M
SKUM0000737,M
SKUM0000738,M
SKUM0000739,M
SKUM0000740,M
SKUM0000741,M
SKUM0000742,M
SKUM0000743,M
SKUM0000744,M
SKUM0000745,M
SKUM0000746,M
SKUM0000747,M
SKUM0000748,M
SKUM0000749,M
SKUM0000750,M
SKUM0000751,M
SKUM0000752,M
SKUM0000753,M
SKUM0000754,M
SKUM0000755,M
SKUM0000756,M
SKUM0000757,M
SKUM0000758,M
SKUM0000759,M
SKUM0000760,M
SKUM0000761,M
SKUM0000762,M
SKUM0000763,M
SKUM0000764,M
SKUM0000765,M
SKUM0000766,M
SKUM0000767,M
SKUM0000768,M
SKUM0000769,M
SKUM0000770,M
SKUM0000771,M
SKUM0000772,M
SKUM0000773,M
SKUM0000774,M
SKUM0000775,M
SKUM0000776,M
SKUM0000777,M
SKUM0000778,M
SKUM0000779,M
SKUM0000780,M
SKUM0000781,M
SKUM0000782,M
SKUM0000783,M
SKUM0000784,M
SKUM0000785,M
SKUM0000786,M
SKUM0000787,M
SKUM0000788,M
SKUM0000789,M
SKUM0000790,M
SKUM0000791,M
SKUM0000792,M
SKUM0000793,M
SKUM0000794,M
SKUM0000795,M
SKUM0000796,M
SKUM0000797,M
SKUM0000798,M
SKUM0000799,M
SKUM0000800,M
SKUM0000801,M
SKUM0000802,M
SKUM0000803,M
SKUM0000804,M
SKUM0000805,M
SKUM0000806,M
SKUM0000807,M
SKUM0000808,M
SKUM0000809,M
SKUM0000810,M
SKUM0000811,M
SKUM0000812,M
SKUM0000813,M
SKUM0000814,M
SKUM0000815,M
SKUM0000816,M
SKUM0000817,M
SKUM0000818,M
SKUM0000819,M
SKUM0000820,M
SKUM0000821,M
SKUM0000822,M
SKUM0000823,M
SKUM0000824,M
SKUM0000825,M
SKUM0000826,M
SKUM0000827,M
SKUM0000828,M
SKUM0000829,M
SKUM0000830,M
SKUM0000831,M
SKUM0000832,M
SKUM0000833,M
SKUM0000834,M
SKUM0000835,M
SKUM0000836,M
SKUM0000837,M
SKUM0000838,M
SKUM0000839,M
SKUM0000840,M
SKUM0000841,M
SKUM0000842,M
SKUM0000843,M
SKUM0000844,M
SKUM0000845,M
SKUM0000846,M
SKUM0000847,M
SKUM0000848,M
SKUM0000849,M
SKUM0000850,M
SKUM0000851,M
SKUM0000852,M
SKUM0000853,M
SKUM0000854,M
SKUM0000855,M
SKUM0000856,M
SKUM0000857,M
SKUM0000858,M
SKUM0000859,M
SKUM0000860,M
SKUM0000861,M
SKUM0000862,M
SKUM0000863,M
SKUM0000864,M
SKUM0000865,M
SKUM0000866,M
SKUM0000867,M
SKUM0000868,M
SKUM0000869,M
SKUM0000870,M
SKUM0000871,M
SKUM0000872,M
SKUM0000873,M
SKUM0000874,M
SKUM0000875,M
SKUM0000876,M
SKUM0000877,M
SKUM0000878,M
SKUM0000879,M
SKUM0000880,M
SKUM0000881,M
SKUM0000882,M
SKUM0000883,M
SKUM0000884,M
SKUM0000885,M
SKUM0000886,M
SKUM0000887,M
SKUM0000888,M
SKUM0000889,M
SKUM0000890,M
SKUM0000891,M
SKUM0000892,M
SKUM0000893,M
SKUM0000894,M
SKUM0000895,M
SKUM0000896,M
SKUM0000897,M
SKUM0000898,M
SKUM0000899,M
SKUM0000900,M
SKUM0000901,M
SKUM0000902,M
SKUM0000903,M
SKUM0000904,M
SKUM0000905,M
SKUM0000906,M
SKUM0000907,M
SKUM0000908,M
SKUM0000909,M
SKUM0000910,M
SKUM0000911,M
SKUM0000912,M
SKUM0000913,M
SKUM0000914,M
SKUM0000915,M
SKUM0000916,M
SKUM0000917,M
SKUM0000918,M
SKUM0000919,M
SKUM0000920,M
SKUM0000921,M
SKUM0000922,M
SKUM0000923,M
SKUM0000924,M
SKUM0000925,M
SKUM0000926,M
SKUM0000927,M
SKUM0000928,M
SKUM0000929,M
SKUM0000930,M
SKUM0000931,M
SKUM0000932,M
SKUM0000933,M
SKUM0000934,M
SKUM0000935,M
SKUM0000936,M
SKUM0000937,M
SKUM0000938,M
SKUM0000939,M
SKUM0000940,M
SKUM0000941,M
SKUM0000942,M
SKUM0000943,M
SKUM0000944,M
SKUM0000945,M
SKUM0000946,M
SKUM0000947,M
SKUM0000948,M
SKUM0000949,M
SKUM0000950,M
SKUM0000951,M
SKUM0000952,M
SKUM0000953,M
SKUM0000954,M
SKUM0000955,M
SKUM0000956,M
SKUM0000957,M
SKUM0000958,M
SKUM0000959,M
SKUM0000960,M
SKUM0000961,M
SKUM0000962,M
SKUM0000963,M
SKUM0000964,M
SKUM0000965,M
SKUM0000966,M
SKUM0000967,M
SKUM0000968,M
SKUM0000969,M
SKUM0000970,M
SKUM0000971,M
SKUM0000972,M
SKUM0000973,M
SKUM0000974,M
SKUM0000975,M
SKUM0000976,M
SKUM0000977,M
SKUM0000978,M
SKUM0000979,M
SKUM0000980,M
SKUM0000981,M
SKUM0000982,M
SKUM0000983,M
SKUM0000984,M
SKUM0000985,M
SKUM0000986,M
SKUM0000987,M
SKUM0000988,M
SKUM0000989,M
SKUM0000990,M
SKUM0000991,M
SKUM0000992,M
SKUM0000993,M
SKUM0000994,M
SKUM0000995,M
SKUM0000996,M
SKUM0000997,M
SKUM0000998,M
SKUM0000999,M
SKUM0001000,M
SKUM0001001,M
SKUM0001002,M
SKUM0001003,M
SKUM0001004,M
SKUM0001005,M
SKUM0001006,M
SKUM0001007,M
SKUM0001008,M
SKUM0001009,M
SKUM0001010,M
SKUM0001011,M
SKUM0001012,M
SKUM0001013,M
SKUM0001014,M
SKUM0001015,M
SKUM0001016,M
SKUM0001017,M
SKUM0001018,M
SKUM0001019,M
SKUM0001020,M
SKUM0001021,M
SKUM0001022,M
SKUM0001023,M
SKUM0001024,M
SKUM0001025,M
SKUM0001026,M
SKUM0001027,M
SKUM0001028,M
SKUM0001029,M
SKUM0001030,M
SKUM0001031,M
SKUM0001032,M
SKUM0001033,M
SKUM0001034,M
SKUM0001035,M
SKUM0001036,M
SKUM0001037,M
SKUM0001038,M
SKUM0001039,M
SKUM0001040,M
SKUM0001041,M
SKUM0001042,M
SKUM0001043,M
SKUM0001044,M
SKUM0001045,M
SKUM0001046,M
SKUM0001047,M
SKUM0001048,M
SKUM0001049,M
SKUM0001050,M
SKUM0001051,M
SKUM0001052,M
SKUM0001053,M
SKUM0001054,M
SKUM0001055,M
SKUM0001056,M
SKUM0001057,M
SKUM0001058,M
SKUM0001059,M
SKUM0001060,M
SKUM0001061,M
SKUM0001062,M
SKUM0001063,M
SKUM0001064,M
SKUM0001065,M
SKUM0001066,M
SKUM0001067,M
SKUM0001068,M
SKUM0001069,M
SKUM0001070,M
SKUM0001071,M
SKUM0001072,M
SKUM0001073,M
SKUM0001074,M
SKUM0001075,M
SKUM0001076,M
SKUM0001077,M
SKUM0001078,M
SKUM0001079,M
SKUM0001080,M
SKUM0001081,M
SKUM0001082,M
SKUM0001083,M
SKUM0001084,M
SKUM0001085,M
SKUM0001086,M
SKUM0001087,M
SKUM0001088,M
SKUM0001089,M
SKUM0001090,M
SKUM0001091,M
SKUM0001092,M
SKUM0001093,M
SKUM0001094,M
SKUM0001095,M
SKUM0001096,M
SKUM0001097,M
SKUM0001098,M
SKUM0001099,M
SKUM0001100,M
SKUM0001101,M
SKUM0001102,M
SKUM0001103,M
SKUM0001104,M
SKUM0001105,M
SKUM0001106,M
SKUM0001107,M
SKUM0001108,M
SKUM0001109,M
SKUM0001110,M
SKUM0001111,M
SKUM0001112,M
SKUM0001113,M
SKUM0001114,M
SKUM0001115,M
SKUM0001116,M
SKUM0001117,M
SKUM0001118,M
SKUM0001119,M
SKUM0001120,M
SKUM0001121,M
SKUM0001122,M
SKUM0001123,M
SKUM0001124,M
SKUM0001125,M
SKUM0001126,M
SKUM0001127,M
SKUM0001128,M
SKUM0001129,M
SKUM0001130,M
SKUM0001131,M
SKUM0001132,M
SKUM0001133,M
SKUM0001134,M
SKUM0001135,M
SKUM0001136,M
SKUM0001137,M
SKUM0001138,M
SKUM0001139,M
SKUM0001140,M
SKUM0001141,M
SKUM0001142,M
SKUM0001143,M
SKUM0001144,M
SKUM0001145,M
SKUM0001146,M
SKUM0001147,M
SKUM0001148,M
SKUM0001149,M
SKUM0001150,M
SKUM0001151,M
SKUM0001152,M
SKUM0001153,M
SKUM0001154,M
SKUM0001155,M
SKUM0001156,M
SKUM0001157,M
SKUM0001158,M
SKUM0001159,M
SKUM0001160,M
SKUM0001161,M
SKUM0001162,M
SKUM0001163,M
SKUM0001164,M
SKUM0001165,M
SKUM0001166,M
SKUM0001167,M
SKUM0001168,M
SKUM0001169,M
SKUM0001170,M
SKUM0001171,M
SKUM0001172,M
SKUM0001173,M
SKUM0001174,M
SKUM0001175,M
SKUM0001176,M
SKUM0001177,M
SKUM0001178,M
SKUM0001179,M
SKUM0001180,M
SKUM0001181,M
SKUM0001182,M
SKUM0001183,M
SKUM0001184,M
SKUM0001185,M
SKUM0001186,M
SKUM0001187,M
SKUM0001188,M
SKUM0001189,M
SKUM0001190,M
SKUM0001191,M
SKUM0001192,M
SKUM0001193,M
SKUM0001194,M
SKUM0001195,M
SKUM0001196,M
SKUM0001197,M
SKUM0001198,M
SKUM0001199,M
SKUM0001200,M
SKUM0001201,M
SKUM0001202,M
SKUM0001203,M
SKUM0001204,M
SKUM0001205,M
SKUM0001206,M
SKUM0001207,M
SKUM0001208,M
SKUM0001209,M
SKUM0001210,M
SKUM0001211,M
SKUM0001212,M
SKUM0001213,M
SKUM0001214,M
SKUM0001215,M
SKUM0001216,M
SKUM0001217,M
SKUM0001218,M
SKUM0001219,M
SKUM0001220,M
SKUM0001221,M
SKUM0001222,M
SKUM0001223,M
SKUM0001224,M
SKUM0001225,M
SKUM0001226,M
SKUM0001227,M
SKUM0001228,M
SKUM0001229,M
SKUM0001230,M
SKUM0001231,M
SKUM0001232,M
SKUM0001233,M
SKUM0001234,M
SKUM0001235,M
SKUM0001236,M
SKUM0001237,M
SKUM0001238,M
SKUM0001239,M
SKUM0001240,M
SKUM0001241,M
SKUM0001242,M
SKUM0001243,M
SKUM0001244,M
SKUM0001245,M
SKUM0001246,M
SKUM0001247,M
SKUM0001248,M
SKUM0001249,M
SKUM0001250,M
SKUM0001251,M
SKUM0001252,M
SKUM0001253,M
SKUM0001254,M
SKUM0001255,M
SKUM0001256,M
SKUM0001257,M
SKUM0001258,M
SKUM0001259,M
SKUM0001260,M
SKUM0001261,M
SKUM0001262,M
SKUM0001263,M
SKUM0001264,M
SKUM0001265,M
SKUM0001266,M
SKUM0001267,M
SKUM0001268,M
SKUM0001269,M
SKUM0001270,M
SKUM0001271,M
SKUM0001272,M
SKUM0001273,M
SKUM0001274,M
SKUM0001275,M
SKUM0001276,M
SKUM0001277,M
SKUM0001278,M
SKUM0001279,M
SKUM0001280,M
SKUM0001281,M
SKUM0001282,M
SKUM0001283,M
SKUM0001284,M
SKUM0001285,M
SKUM0001286,M
SKUM0001287,M
SKUM0001288,M
SKUM0001289,M
SKUM0001290,M
SKUM0001291,M
SKUM0001292,M
SKUM0001293,M
SKUM0001294,M
SKUM0001295,M
SKUM0001296,M
SKUM0001297,M
SKUM0001298,M
SKUM0001299,M
SKUM0001300,M
SKUM0001301,M
SKUM0001302,M
SKUM0001303,M
SKUM0001304,M
SKUM0001305,M
SKUM0001306,M
SKUM0001307,M
SKUM0001308,M
SKUM0001309,M
SKUM0001310,M
SKUM0001311,M
SKUM0001312,M
SKUM0001313,M
SKUM0001314,M
SKUM0001315,M
SKUM0001316,M
SKUM0001317,M
SKUM0001318,M
SKUM0001319,M
SKUM0001320,M
SKUM0001321,M
SKUM0001322,M
SKUM0001323,M
SKUM0001324,M
SKUM0001325,M
SKUM0001326,M
SKUM0001327,M
SKUM0001328,M
SKUM0001329,M
SKUM0001330,M
SKUM0001331,M
SKUM0001332,M
SKUM0001333,M
SKUM0001334,M
SKUM0001335,M
SKUM0001336,M
SKUM0001337,M
SKUM0001338,M
SKUM0001339,M
SKUM0001340,M
SKUM0001341,M
SKUM0001342,M
SKUM0001343,M
SKUM0001344,M
SKUM0001345,M
SKUM0001346,M
SKUM0001347,M
SKUM0001348,M
SKUM0001349,M
SKUM0001350,M
SKUM0001351,M
SKUM0001352,M
SKUM0001353,M
SKUM0001354,M
SKUM0001355,M
SKUM0001356,M
SKUM0001357,M
SKUM0001358,M
SKUM0001359,M
SKUM0001360,M
SKUM0001361,M
SKUM0001362,M
SKUM0001363,M
SKUM0001364,M
SKUM0001365,M
SKUM0001366,M
SKUM0001367,M
SKUM0001368,M
SKUM0001369,M
SKUM0001370,M
SKUM0001371,M
SKUM0001372,M
SKUM0001373,M
SKUM0001374,M
SKUM0001375,M
SKUM0001376,M
SKUM0001377,M
SKUM0001378,M
SKUM0001379,M
SKUM0001380,M
SKUM0001381,M
SKUM0001382,M
SKUM0001383,M
SKUM0001384,M
SKUM0001385,M
SKUM0001386,M
SKUM0001387,M
SKUM0001388,M
SKUM0001389,M
SKUM0001390,M
SKUM0001391,M
SKUM0001392,M
SKUM0001393,M
SKUM0001394,M
SKUM0001395,M
SKUM0001396,M
SKUM0001397,M
SKUM0001398,M
SKUM0001399,M
SKUM0001400,M
SKUM0001401,M
SKUM0001402,M
SKUM0001403,M
SKUM0001404,M
SKUM0001405,M
SKUM0001406,M
SKUM0001407,M
SKUM0001408,M
SKUM0001409,M
SKUM0001410,M
SKUM0001411,M
SKUM0001412,M
SKUM0001413,M
SKUM0001414,M
SKUM0001415,M
SKUM0001416,M
SKUM0001417,M
SKUM0001418,M
SKUM0001419,M
SKUM0001420,M
SKUM0001421,M
SKUM0001422,M
SKUM0001423,M
SKUM0001424,M
SKUM0001425,M
SKUM0001426,M
SKUM0001427,M
SKUM0001428,M
SKUM0001429,M
SKUM0001430,M
SKUM0001431,M
SKUM0001432,M
SKUM0001433,M
SKUM0001434,M
SKUM0001435,M
SKUM0001436,M
SKUM0001437,M
SKUM0001438,M
SKUM0001439,M
SKUM0001440,M
SKUM0001441,M
SKUM0001442,M
SKUM0001443,M
SKUM0001444,M
SKUM0001445,M
SKUM0001446,M
SKUM0001447,M
SKUM0001448,M
SKUM0001449,M
SKUM0001450,M
SKUM0001451,M
SKUM0001452,M
SKUM0001453,M
SKUM0001454,M
SKUM0001455,M
SKUM0001456,M
SKUM0001457,M
SKUM0001458,M
SKUM0001459,M
SKUM0001460,M
SKUM0001461,M
SKUM0001462,M
SKUM0001463,M
SKUM0001464,M
SKUM0001465,M
SKUM0001466,M
SKUM0001467,M
SKUM0001468,M
SKUM0001469,M
SKUM0001470,M
SKUM0001471,M
SKUM0001472,M
SKUM0001473,M
SKUM0001474,M
SKUM0001475,M
SKUM0001476,M
SKUM0001477,M
SKUM0001478,M
SKUM0001479,M
SKUM0001480,M
SKUM0001481,M
SKUM0001482,M
SKUM0001483,M
SKUM0001484,M
SKUM0001485,M
SKUM0001486,M
SKUM0001487,M
SKUM0001488,M
SKUM0001489,M
SKUM0001490,M
SKUM0001491,M
SKUM0001492,M
SKUM0001493,M
SKUM0001494,M
SKUM0001495,M
SKUM0001496,M
SKUM0001497,M
SKUM0001498,M
SKUM0001499,M
SKUM0001500,M
SKUM0001501,M
SKUM0001502,M
SKUM0001503,M
SKUM0001504,M
SKUM0001505,M
SKUM0001506,M
SKUM0001507,M
SKUM0001508,M
SKUM0001509,M
SKUM0001510,M
SKUM0001511,M
SKUM0001512,M
SKUM0001513,M
SKUM0001514,M
SKUM0001515,M
SKUM0001516,M
SKUM0001517,M
SKUM0001518,M
SKUM0001519,M
SKUM0001520,M
SKUM0001521,M
SKUM0001522,M
SKUM0001523,M
SKUM0001524,M
SKUM0001525,M
SKUM0001526,M
SKUM0001527,M
SKUM0001528,M
SKUM0001529,M
SKUM0001530,M
SKUM0001531,M
SKUM0001532,M
SKUM0001533,M
SKUM0001534,M
SKUM0001535,M
SKUM0001536,M
SKUM0001537,M
SKUM0001538,M
SKUM0001539,M
SKUM0001540,M
SKUM0001541,M
SKUM0001542,M
SKUM0001543,M
SKUM0001544,M
SKUM0001545,M
SKUM0001546,M
SKUM0001547,M
SKUM0001548,M
SKUM0001549,M
SKUM0001550,M
SKUM0001551,M
SKUM0001552,M
SKUM0001553,M
SKUM0001554,M
SKUM0001555,M
SKUM0001556,M
SKUM0001557,M
SKUM0001558,M
SKUM0001559,M
SKUM0001560,M
SKUM0001561,M
SKUM0001562,M
SKUM0001563,M
SKUM0001564,M
SKUM0001565,M
SKUM0001566,M
SKUM0001567,M
SKUM0001568,M
SKUM0001569,M
SKUM0001570,M
SKUM0001571,M
SKUM0001572,M
SKUM0001573,M
SKUM0001574,M
SKUM0001575,M
SKUM0001576,M
SKUM0001577,M
SKUM0001578,M
SKUM0001579,M
SKUM0001580,M
SKUM0001581,M
SKUM0001582,M
SKUM0001583,M
SKUM0001584,M
SKUM0001585,M
SKUM0001586,M
SKUM0001587,M
SKUM0001588,M
SKUM0001589,M
SKUM0001590,M
SKUM0001591,M
SKUM0001592,M
SKUM0001593,M
SKUM0001594,M
SKUM0001595,M
SKUM0001596,M
SKUM0001597,M
SKUM0001598,M
SKUM0001599,M
SKUM0001600,M
SKUM0001601,M
SKUM0001602,M
SKUM0001603,M
SKUM0001604,M
SKUM0001605,M
SKUM0001606,M
SKUM0001607,M
SKUM0001608,M
SKUM0001609,M
SKUM0001610,M
SKUM0001611,M
SKUM0001612,M
SKUM0001613,M
SKUM0001614,M
SKUM0001615,M
SKUM0001616,M
SKUM0001617,M
SKUM0001618,M
SKUM0001619,M
SKUM0001620,M
SKUM0001621,M
SKUM0001622,M
SKUM0001623,M
SKUM0001624,M
SKUM0001625,M
SKUM0001626,M
SKUM0001627,M
SKUM0001628,M
SKUM0001629,M
SKUM0001630,M
SKUM0001631,M
SKUM0001632,M
SKUM0001633,M
SKUM0001634,M
SKUM0001635,M
SKUM0001636,M
SKUM0001637,M
SKUM0001638,M
SKUM0001639,M
SKUM0001640,M
SKUM0001641,M
SKUM0001642,M
SKUM0001643,M
SKUM0001644,M
SKUM0001645,M
SKUM0001646,M
SKUM0001647,M
SKUM0001648,M
SKUM0001649,M
SKUM0001650,M
SKUM0001651,M
SKUM0001652,M
SKUM0001653,M
SKUM0001654,M
SKUM0001655,M
SKUM0001656,M
SKUM0001657,M
SKUM0001658,M
SKUM0001659,M
SKUM0001660,M
SKUM0001661,M
SKUM0001662,M
SKUM0001663,M
SKUM0001664,M
SKUM0001665,M
SKUM0001666,M
SKUM0001667,M
SKUM0001668,M
SKUM0001669,M
SKUM0001670,M
SKUM0001671,M
SKUM0001672,M
SKUM0001673,M
SKUM0001674,M
SKUM0001675,M
SKUM0001676,M
SKUM0001677,M
SKUM0001678,M
SKUM0001679,M
SKUM0001680,M
SKUM0001681,M
SKUM0001682,M
SKUM0001683,M
SKUM0001684,M
SKUM0001685,M
SKUM0001686,M
SKUM0001687,M
SKUM0001688,M
SKUM0001689,M
SKUM0001690,M
SKUM0001691,M
SKUM0001692,M
SKUM0001693,M
SKUM0001694,M
SKUM0001695,M
SKUM0001696,M
SKUM0001697,M
SKUM0001698,M
SKUM0001699,M
SKUM0001700,M
SKUM0001701,M
SKUM0001702,M
SKUM0001703,M
SKUM0001704,M
SKUM0001705,M
SKUM0001706,M
SKUM0001707,M
SKUM0001708,M
SKUM0001709,M
SKUM0001710,M
SKUM0001711,M
SKUM0001712,M
SKUM0001713,M
SKUM0001714,M
SKUM0001715,M
SKUM0001716,M
SKUM0001717,M
SKUM0001718,M
SKUM0001719,M
SKUM0001720,M
SKUM0001721,M
SKUM0001722,M
SKUM0001723,M
SKUM0001724,M
SKUM0001725,M
SKUM0001726,M
SKUM0001727,M
SKUM0001728,M
SKUM0001729,M
SKUM0001730,M
SKUM0001731,M
SKUM0001732,M
SKUM0001733,M
SKUM0001734,M
SKUM0001735,M
SKUM0001736,M
SKUM0001737,M
SKUM0001738,M
SKUM0001739,M
SKUM0001740,M
SKUM0001741,M
SKUM0001742,M
SKUM0001743,M
SKUM0001744,M
SKUM0001745,M
SKUM0001746,M
SKUM0001747,M
SKUM0001748,M
SKUM0001749,M
SKUM0001750,M
SKUM0001751,M
SKUM0001752,M
SKUM0001753,M
SKUM0001754,M
SKUM0001755,M
SKUM0001756,M
SKUM0001757,M
SKUM0001758,M
SKUM0001759,M
SKUM0001760,M
SKUM0001761,M
SKUM0001762,M
SKUM0001763,M
SKUM0001764,M
SKUM0001765,M
SKUM0001766,M
SKUM0001767,M
SKUM0001768,M
SKUM0001769,M
SKUM0001770,M
SKUM0001771,M
SKUM0001772,M
SKUM0001773,M
SKUM0001774,M
SKUM0001775,M
SKUM0001776,M
SKUM0001777,M
SKUM0001778,M
SKUM0001779,M
SKUM0001780,M
SKUM0001781,M
SKUM0001782,M
SKUM0001783,M
SKUM0001784,M
SKUM0001785,M
SKUM0001786,M
SKUM0001787,M
SKUM0001788,M
SKUM0001789,M
SKUM0001790,M
SKUM0001791,M
SKUM0001792,M
SKUM0001793,M
SKUM0001794,M
SKUM0001795,M
SKUM0001796,M
SKUM0001797,M
SKUM0001798,M
SKUM0001799,M
SKUM0001800,M
SKUM0001801,M
SKUM0001802,M
SKUM0001803,M
SKUM0001804,M
SKUM0001805,M
SKUM0001806,M
SKUM0001807,M
SKUM0001808,M
SKUM0001809,M
SKUM0001810,M
SKUM0001811,M
SKUM0001812,M
SKUM0001813,M
SKUM0001814,M
SKUM0001815,M
SKUM0001816,M
SKUM0001817,M
SKUM0001818,M
SKUM0001819,M
SKUM0001820,M
SKUM0001821,M
SKUM0001822,M
SKUM0001823,M
SKUM0001824,M
SKUM0001825,M
SKUM0001826,M
SKUM0001827,M
SKUM0001828,M
SKUM0001829,M
SKUM0001830,M
SKUM0001831,M
SKUM0001832,M
SKUM0001833,M
SKUM0001834,M
SKUM0001835,M
SKUM0001836,M
SKUM0001837,M
SKUM0001838,M
SKUM0001839,M
SKUM0001840,M
SKUM0001841,M
SKUM0001842,M
SKUM0001843,M
SKUM0001844,M
SKUM0001845,M
SKUM0001846,M
SKUM0001847,M
SKUM0001848,M
SKUM0001849,M
SKUM0001850,M
SKUM0001851,M
SKUM0001852,M
SKUM0001853,M
SKUM0001854,M
SKUM0001855,M
SKUM0001856,M
SKUM0001857,M
SKUM0001858,M
SKUM0001859,M
SKUM0001860,M
SKUM0001861,M
SKUM0001862,M
SKUM0001863,M
SKUM0001864,M
SKUM0001865,M
SKUM0001866,M
SKUM0001867,M
SKUM0001868,M
SKUM0001869,M
SKUM0001870,M
SKUM0001871,M
SKUM0001872,M
SKUM0001873,M
SKUM0001874,M
SKUM0001875,M
SKUM0001876,M
SKUM0001877,M
SKUM0001878,M
SKUM0001879,M
SKUM0001880,M
SKUM0001881,M
SKUM0001882,M
SKUM0001883,M
SKUM0001884,M
SKUM0001885,M
SKUM0001886,M
SKUM0001887,M
SKUM0001888,M
SKUM0001889,M
SKUM0001890,M
SKUM0001891,M
SKUM0001892,M
SKUM0001893,M
SKUM0001894,M
SKUM0001895,M
SKUM0001896,M
SKUM0001897,M
SKUM0001898,M
SKUM0001899,M
SKUM0001900,M
SKUM0001901,M
SKUM0001902,M
SKUM0001903,M
SKUM0001904,M
SKUM0001905,M
SKUM0001906,M
SKUM0001907,M
SKUM0001908,M
SKUM0001909,M
SKUM0001910,M
SKUM0001911,M
SKUM0001912,M
SKUM0001913,M
SKUM0001914,M
SKUM0001915,M
SKUM0001916,M
SKUM0001917,M
SKUM0001918,M
SKUM0001919,M
SKUM0001920,M
SKUM0001921,M
SKUM0001922,M
SKUM0001923,M
SKUM0001924,M
SKUM0001925,M
SKUM0001926,M
SKUM0001927,M
SKUM0001928,M
SKUM0001929,M
SKUM0001930,M
SKUM0001931,M
SKUM0001932,M
SKUM0001933,M
SKUM0001934,M
SKUM0001935,M
SKUM0001936,M
SKUM0001937,M
SKUM0001938,M
SKUM0001939,M
SKUM0001940,M
SKUM0001941,M
SKUM0001942,M
SKUM0001943,M
SKUM0001944,M
SKUM0001945,M
SKUM0001946,M
SKUM0001947,M
SKUM0001948,M
SKUM0001949,M
SKUM0001950,M
SKUM0001951,M
SKUM0001952,M
SKUM0001953,M
SKUM0001954,M
SKUM0001955,M
SKUM0001956,M
SKUM0001957,M
SKUM0001958,M
SKUM0001959,M
SKUM0001960,M
SKUM0001961,M
SKUM0001962,M
SKUM0001963,M
SKUM0001964,M
SKUM0001965,M
SKUM0001966,M
SKUM0001967,M
SKUM0001968,M
SKUM0001969,M
SKUM0001970,M
SKUM0001971,M
SKUM0001972,M
SKUM0001973,M
SKUM0001974,M
SKUM0001975,M
SKUM0001976,M
SKUM0001977,M
SKUM0001978,M
SKUM0001979,M
SKUM0001980,M
SKUM0001981,M
SKUM0001982,M
SKUM0001983,M
SKUM0001984,M
SKUM0001985,M
SKUM0001986,M
SKUM0001987,M
SKUM0001988,M
SKUM0001989,M
SKUM0001990,M
SKUM0001991,M
SKUM0001992,M
SKUM0001993,M
SKUM0001994,M
SKUM0001995,M
SKUM0001996,M
SKUM0001997,M
SKUM0001998,M
SKUM0001999,M
SKUM0002000,M
SKUM0002001,M
SKUM0002002,M
SKUM0002003,M
SKUM0002004,M
SKUM0002005,M
SKUM0002006,M
SKUM0002007,M
SKUM0002008,M
SKUM0002009,M
SKUM0002010,M
SKUM0002011,M
SKUM0002012,M
SKUM0002013,M
SKUM0002014,M
SKUM0002015,M
SKUM0002016,M
SKUM0002017,M
SKUM0002018,M
SKUM0002019,M
SKUM0002020,M
SKUM0002021,M
SKUM0002022,M
SKUM0002023,M
SKUM0002024,M
SKUM0002025,M
SKUM0002026,M
SKUM0002027,M
SKUM0002028,M
SKUM0002029,M
SKUM0002030,M
SKUM0002031,M
SKUM0002032,M
SKUM0002033,M
SKUM0002034,M
SKUM0002035,M
SKUM0002036,M
SKUM0002037,M
SKUM0002038,M
SKUM0002039,M
SKUM0002040,M
SKUM0002041,M
SKUM0002042,M
SKUM0002043,M
SKUM0002044,M
SKUM0002045,M
SKUM0002046,M
SKUM0002047,M
SKUM0002048,M
SKUM0002049,M
SKUM0002050,M
SKUM0002051,M
SKUM0002052,M
SKUM0002053,M
SKUM0002054,M
SKUM0002055,M
SKUM0002056,M
SKUM0002057,M
SKUM0002058,M
SKUM0002059,M
SKUM0002060,M
SKUM0002061,M
SKUM0002062,M
SKUM0002063,M
SKUM0002064,M
SKUM0002065,M
SKUM0002066,M
SKUM0002067,M
SKUM0002068,M
SKUM0002069,M
SKUM0002070,M
SKUM0002071,M
SKUM0002072,M
SKUM0002073,M
SKUM0002074,M
SKUM0002075,M
SKUM0002076,M
SKUM0002077,M
SKUM0002078,M
SKUM0002079,M
SKUM0002080,M
SKUM0002081,M
SKUM0002082,M
SKUM0002083,M
SKUM0002084,M
SKUM0002085,M
SKUM0002086,M
SKUM0002087,M
SKUM0002088,M
SKUM0002089,M
SKUM0002090,M
SKUM0002091,M
SKUM0002092,M
SKUM0002093,M
SKUM0002094,M
SKUM0002095,M
SKUM0002096,M
SKUM0002097,M
SKUM0002098,M
SKUM0002099,M
SKUM0002100,M
SKUM0002101,M
SKUM0002102,M
SKUM0002103,M
SKUM0002104,M
SKUM0002105,M
SKUM0002106,M
SKUM0002107,M
SKUM0002108,M
SKUM0002109,M
SKUM0002110,M
SKUM0002111,M
SKUM0002112,M
SKUM0002113,M
SKUM0002114,M
SKUM0002115,M
SKUM0002116,M
SKUM0002117,M
SKUM0002118,M
SKUM0002119,M
SKUM0002120,M
SKUM0002121,M
SKUM0002122,M
SKUM0002123,M
SKUM0002124,M
SKUM0002125,M
SKUM0002126,M
SKUM0002127,M
SKUM0002128,M
SKUM0002129,M
SKUM0002130,M
SKUM0002131,M
SKUM0002132,M
SKUM0002133,M
SKUM0002134,M
SKUM0002135,M
SKUM0002136,M
SKUM0002137,M
SKUM0002138,M
SKUM0002139,M
SKUM0002140,M
SKUM0002141,M
SKUM0002142,M
SKUM0002143,M
SKUM0002144,M
SKUM0002145,M
SKUM0002146,M
SKUM0002147,M
SKUM0002148,M
SKUM0002149,M
SKUM0002150,M
SKUM0002151,M
SKUM0002152,M
SKUM0002153,M
SKUM0002154,M
SKUM0002155,M
SKUM0002156,M
SKUM0002157,M
SKUM0002158,M
SKUM0002159,M
SKUM0002160,M
SKUM0002161,M
SKUM0002162,M
SKUM0002163,M
SKUM0002164,M
SKUM0002165,M
SKUM0002166,M
SKUM0002167,M
SKUM0002168,M
SKUM0002169,M
SKUM0002170,M
SKUM0002171,M
SKUM0002172,M
SKUM0002173,M
SKUM0002174,M
SKUM0002175,M
SKUM0002176,M
SKUM0002177,M
SKUM0002178,M
SKUM0002179,M
SKUM0002180,M
SKUM0002181,M
SKUM0002182,M
SKUM0002183,M
SKUM0002184,M
SKUM0002185,M
SKUM0002186,M
SKUM0002187,M
SKUM0002188,M
SKUM0002189,M
SKUM0002190,M
SKUM0002191,M
SKUM0002192,M
SKUM0002193,M
SKUM0002194,M
SKUM0002195,M
SKUM0002196,M
SKUM0002197,M
SKUM0002198,M
SKUM0002199,M
SKUM0002200,M
SKUM0002201,M
SKUM0002202,M
SKUM0002203,M
SKUM0002204,M
SKUM0002205,M
SKUM0002206,M
SKUM0002207,M
SKUM0002208,M
SKUM0002209,M
SKUM0002210,M
SKUM0002211,M
SKUM0002212,M
SKUM0002213,M
SKUM0002214,M
SKUM0002215,M
SKUM0002216,M
SKUM0002217,M
SKUM0002218,M
SKUM0002219,M
SKUM0002220,M
SKUM0002221,M
SKUM0002222,M
SKUM0002223,M
SKUM0002224,M
SKUM0002225,M
SKUM0002226,M
SKUM0002227,M
SKUM0002228,M
SKUM0002229,M
SKUM0002230,M
SKUM0002231,M
SKUM0002232,M
SKUM0002233,M
SKUM0002234,M
SKUM0002235,M
SKUM0002236,M
SKUM0002237,M
SKUM0002238,M
SKUM0002239,M
SKUM0002240,M
SKUM0002241,M
SKUM0002242,M
SKUM0002243,M
SKUM0002244,M
SKUM0002245,M
SKUM0002246,M
SKUM0002247,M
SKUM0002248,M